{"val/accuracy":0.9118,"train/lr":2.951266543065283e-09,"_wandb":{"runtime":1184},"_runtime":1184.377534197,"_timestamp":1.7557272083037992e+09,"_step":99,"train/loss":0.6372183594592782,"val/loss":0.5424380742013455}