{"val/accuracy":0.8968,"train/lr":2.951266543065283e-09,"_wandb":{"runtime":1293},"_runtime":1293.645813655,"_timestamp":1.755644593776194e+09,"_step":99,"train/loss":0.3535194170942833,"val/loss":0.359943994992896}