{"train/lr":2.951266543065283e-09,"_wandb":{"runtime":1700},"_runtime":1700.857312905,"_timestamp":1.7556516549993024e+09,"_step":99,"train/loss":0.9365058796988293,"val/loss":0.9472780346870422,"val/accuracy":0.6818}