{"_wandb":{"runtime":2336},"_runtime":2336.26376952,"_timestamp":1.7557196720415075e+09,"_step":99,"train/loss":2.299859118461609,"val/loss":2.299753701686859,"val/accuracy":0.0994,"train/lr":2.951266543065283e-09}