{"_wandb":{"runtime":1183},"_runtime":1183.539466294,"_step":99,"train/loss":0.46529555209847384,"val/loss":0.4302801713347435,"val/accuracy":0.912,"train/lr":2.951266543065283e-09,"_timestamp":1.7557260191651006e+09}