{"_wandb":{"runtime":3251},"_runtime":3251.875682962,"train/lr":2.951266543065283e-09,"_timestamp":1.755806042177507e+09,"_step":99,"train/loss":0.9446945153176785,"val/loss":0.9448376908898354,"val/accuracy":0.685}