{"val/loss":2.2723638355731963,"val/accuracy":0.1704,"train/lr":2.951266543065283e-09,"_timestamp":1.7556499492256324e+09,"_wandb":{"runtime":1709},"_runtime":1709.875077641,"_step":99,"train/loss":2.271318709308451}