{"val/accuracy":0.8594,"train/lr":2.951266543065283e-09,"_timestamp":1.7557047142491767e+09,"_step":99,"_wandb":{"runtime":1208},"_runtime":1208.790995656,"train/loss":0.5300411915363268,"val/loss":0.5414783366024494}