{"val/loss":1.6578121483325958,"val/accuracy":0.3962,"train/lr":2.951266543065283e-09,"_timestamp":1.755702304553832e+09,"_wandb":{"runtime":1813},"_runtime":1813.445594082,"_step":99,"train/loss":1.7668779641389847}