{"_wandb":{"runtime":1215},"_runtime":1215.226024796,"val/accuracy":0.8666,"train/lr":2.951266543065283e-09,"_timestamp":1.755712049587492e+09,"_step":99,"train/loss":0.5438967739426812,"val/loss":0.5423384085297585}