{"train/lr":2.951266543065283e-09,"_timestamp":1.7557220083124144e+09,"_step":99,"_wandb":{"runtime":2329},"_runtime":2329.536619897,"train/loss":2.3060536628545716,"val/loss":2.3051069021224975,"val/accuracy":0.1026}