{"_runtime":1193.202009191,"train/loss":1.4454929834188417,"val/loss":1.3171041756868362,"val/accuracy":0.6802,"train/lr":2.951266543065283e-09,"_timestamp":1.7557284059391918e+09,"_step":99,"_wandb":{"runtime":1193}}