{"val/accuracy":0.4622,"train/lr":2.951266543065283e-09,"_timestamp":1.7557081698407776e+09,"_step":99,"train/loss":2.2185024444447006,"val/loss":2.2190899431705473,"_wandb":{"runtime":1238},"_runtime":1238.030795719}