{"_step":17,"train/loss":0.3906313103818616,"_wandb":{"runtime":396},"_runtime":396.400555931,"val/loss":0.39446532066109813,"val/accuracy":0.8908,"train/lr":1.667718169966658e-05,"_timestamp":1.755702365278258e+09}