{"val/loss":0.5218593403697014,"val/accuracy":0.873,"train/lr":2.951266543065283e-09,"_timestamp":1.7557069292440886e+09,"_wandb":{"runtime":1216},"_runtime":1216.671392109,"_step":99,"train/loss":0.5107505896756815}