{"_wandb":{"runtime":3265},"_runtime":3265.041212375,"_step":99,"train/loss":0.7368247420950369,"val/loss":0.7959570765495301,"val/accuracy":0.7298,"train/lr":2.951266543065283e-09,"_timestamp":1.755806061850483e+09}