{"val/loss":0.319606788828969,"val/accuracy":0.9272,"_wandb":{"runtime":2269},"_runtime":2269.036346633,"train/lr":2.951266543065283e-09,"_timestamp":1.7557221225653684e+09,"_step":99,"train/loss":0.40553075872188393}