{"_step":99,"train/loss":0.27610172771437225,"val/loss":0.23481764011085032,"val/accuracy":0.9356,"_wandb":{"runtime":2347},"_runtime":2347.230339389,"train/lr":2.951266543065283e-09,"_timestamp":1.7557198465556388e+09}