{"_step":99,"train/loss":0.32923807850064235,"_wandb":{"runtime":1302},"_runtime":1302.809333915,"val/loss":0.3441079207990743,"val/accuracy":0.8996,"train/lr":2.951266543065283e-09,"_timestamp":1.75564823431185e+09}