{"val/loss":0.27395835118368267,"val/accuracy":0.9248,"_wandb":{"runtime":2389},"_runtime":2389.822284915,"train/lr":2.951266543065283e-09,"_timestamp":1.7557174927648225e+09,"_step":99,"train/loss":0.2924706289934558}