{"_wandb":{"runtime":2313},"_runtime":2313.327391429,"train/lr":2.951266543065283e-09,"_timestamp":1.755717329174294e+09,"_step":99,"train/loss":0.5411777929511181,"val/loss":0.5466616161167621,"val/accuracy":0.8652}