{"_step":99,"_wandb":{"runtime":1205},"_runtime":1205.570171331,"train/loss":2.30234836478566,"val/loss":2.302864283323288,"val/accuracy":0.1112,"train/lr":2.951266543065283e-09,"_timestamp":1.75570937844987e+09}