{"train/loss":0.3557272566785646,"_wandb":{"runtime":1301},"_runtime":1301.789498059,"val/loss":0.367124499588073,"val/accuracy":0.8944,"train/lr":2.951266543065283e-09,"_timestamp":1.755646926858273e+09,"_step":99}